timestamp,irradiancia_poa,temp_ambiente,temp_celda,viento,disponibilidad,potencia_activa,consigna,horas_solares
06:00,0,10,9,1.2,100,-1.02,6.86,0
06:01,,10,9,1.2,100,-1.01,6.86,0
06:02,,10,9,1.2,100,-1.03,6.86,0
06:03,,,9,1.2,100,-1.04,6.86,0
06:04,,10,9,1.2,100,-1.06,6.86,0
06:05,,,9,1.2,100,-1.05,6.86,0
06:06,,10,9,1.2,100,-1.04,6.86,0
06:07,,10,9,1.2,100,-1.04,6.86,0
06:08,,10,9,1.2,100,-1.05,6.86,0
06:09,0,10,9,1.2,100,-1.04,6.86,0
06:10,0,10,9,1.2,100,-1.04,6.86,0
06:11,0,10,9,1.2,100,-1.06,6.86,0
06:12,0,10,9,1.2,100,-1.19,6.86,0
06:13,1,10,9,1.2,100,-1.28,6.86,0
06:14,1,10,9,1.2,100,-1.28,6.86,0
06:15,0,10,9,1.2,100,-1.28,6.86,0
06:16,0,10,9,1.2,100,-1.28,6.86,0
06:17,0,10,9,1.2,100,-1.28,6.86,0
06:18,0,10,9,1.2,100,-1.26,6.86,0
06:19,0,10,9,1.2,100,-1.22,6.86,0
06:20,1,10,9,1.2,100,-1.18,6.86,0
06:21,1,10,9,1.2,100,-1.18,6.86,0
06:22,2,9,9,1.2,100,-1.17,6.86,0
06:23,2,9,9,1.2,100,-1.17,6.86,0
06:24,3,9,9,1.2,100,-1.17,6.86,0
06:25,3,,9,1.2,100,-1.17,6.86,0
06:26,4,9,9,1.2,100,-1.18,6.86,0
06:27,4,9,9,1.2,100,-1.18,6.86,0
06:28,4,9,9,1.2,100,-1.18,6.86,0
06:29,4,9,9,1.2,100,-1.18,6.86,0
06:30,5,9,9,1.2,100,-1.18,6.86,0
06:31,6,9,9,1.2,100,-1.18,6.86,0
06:32,7,9,8,1.2,100,-1.19,6.86,0
06:33,8,9,8,1.2,100,-1.19,6.86,0
06:34,9,9,8,1.2,100,-1.19,6.86,0
06:35,10,9,8,1.2,100,-1.21,6.86,0
06:36,11,9,8,1.2,100,-1.13,6.86,0
06:37,13,9,8,1.2,100,-0.91,6.86,0
06:38,14,9,8,1.2,100,0.11,7.72,1
06:39,16,9,8,1.2,100,0.83,7.72,1
06:40,24,9,8,1.2,100,1.2,7.72,1
06:41,32,10,8,1.2,100,1.59,7.72,1
06:42,37,10,9,1.2,100,1.98,7.72,1
06:43,43,10,9,1.2,100,2.45,7.88,1
06:44,49,10,9,1.2,100,3.03,8.04,1
06:45,54,,9,1.2,100,3.57,8.04,1
06:46,58,,9,1.2,100,4.14,8.04,1
06:47,62,10,9,1.2,100,4.71,8.04,1
06:48,68,10,9,1.2,100,5.41,8.04,1
06:49,74,10,9,1.2,100,6.08,8.04,1
06:50,79,10,9,1.2,100,6.87,8.04,1
06:51,85,10,10,1.2,100,7.73,8.04,1
06:52,91,10,10,1.2,100,8.61,8.04,1
06:53,98,10,10,1.2,100,9.58,8.04,1
06:54,104,10,10,1.2,100,8.66,8.21,1
06:55,110,10,10,1.2,100,7.83,8.21,1
06:56,116,10,10,1.2,100,7.9,8.21,1
06:57,122,10,10,1.2,100,7.91,8.21,1
06:58,130,10,10,1.2,100,7.91,8.21,1
06:59,135,10,10,1.2,100,7.93,140.2,1
07:00,144,10,11,1.5,100,11.82,140.2,1
07:01,150,10,11,1.5,100,18.27,140.2,1
07:02,157,,11,1.5,100,19.62,140.2,1
07:03,166,10,11,1.5,100,20.68,140.2,1
07:04,174,,11,1.5,100,22.5,140.2,1
07:05,181,10,11,1.5,100,23.96,140.2,1
07:06,188,10,12,1.5,100,25.1,140.2,1
07:07,196,10,12,1.5,100,26.86,140.2,1
07:08,205,10,12,1.5,100,28.2,140.2,1
07:09,211,10,12,1.5,100,29.99,140.2,1
07:10,220,11,13,1.5,100,31.61,140.2,1
07:11,228,11,13,1.5,100,33.12,140.2,1
07:12,236,11,13,1.5,100,34.96,140.2,1
07:13,247,11,13,1.5,100,36.41,140.2,1
07:14,256,11,14,1.5,100,38.26,140.2,1
07:15,264,11,14,1.5,100,40,140.2,1
07:16,273,11,14,1.5,100,41.75,140.2,1
07:17,280,11,14,1.5,100,43.82,140.2,1
07:18,290,11,15,1.5,100,45.8,140.2,1
07:19,298,11,15,1.5,100,47.94,140.2,1
07:20,307,11,15,1.5,100,49.94,140.2,1
07:21,321,11,16,1.5,100,51.92,140.2,1
07:22,330,,16,1.5,100,53.77,140.2,1
07:23,341,12,17,1.5,100,55.77,140.2,1
07:24,351,11,17,1.5,100,57.63,140.2,1
07:25,361,,17,1.5,100,59.58,140.2,1
07:26,370,12,18,1.5,100,61.43,140.2,1
07:27,380,12,18,1.5,100,63.26,140.2,1
07:28,386,12,19,1.5,100,64.93,140.2,1
07:29,397,12,19,1.5,100,67.06,140.2,1
07:30,407,12,20,1.5,100,68.98,140.2,1
07:31,418,12,20,1.5,100,70.36,140.2,1
07:32,429,12,21,1.5,100,71.96,140.2,1
07:33,438,12,21,1.5,100,73.59,140.2,1
07:34,446,12,22,1.5,100,75.54,140.2,1
07:35,455,12,22,1.5,100,77.68,140.2,1
07:36,466,12,23,1.5,100,81.28,140.2,1
07:37,477,12,23,1.5,100,84.87,140.2,1
07:38,493,13,24,1.5,100,87.83,140.2,1
07:39,509,13,24,1.5,100,90.19,140.2,1
07:40,520,13,24,1.5,100,94.46,140.2,1
07:41,530,13,25,1.5,100,99.5,140.2,1
07:42,540,13,26,1.5,100,103.17,140.2,1
07:43,551,13,26,1.5,100,106.11,140.2,1
07:44,559,13,27,1.5,100,108.79,140.2,1
07:45,569,13,28,1.5,100,111.29,140.2,1
07:46,582,13,28,1.5,100,112.06,140.2,1
07:47,594,13,29,1.5,100,114.35,140.2,1
07:48,609,13,30,1.5,100,117.17,140.2,1
07:49,625,13,30,1.5,100,119.05,140.2,1
07:50,637,13,31,1.5,100,120.81,140.2,1
07:51,649,13,31,1.5,100,122.44,140.2,1
07:52,661,,32,1.5,100,124.05,140.2,1
07:53,672,13,32,1.5,100,125.72,140.2,1
07:54,684,13,33,1.5,100,127.4,140.2,1
07:55,697,13,34,1.5,100,128.81,140.2,1
07:56,705,13,34,1.5,100,130.11,140.2,1
07:57,715,13,35,1.5,100,131.89,140.2,1
07:58,732,14,35,1.5,100,133.75,140.2,1
07:59,745,14,34,1.5,100,135.53,198.3,1
08:00,756,,35,1.5,100,137.49,198.3,1
08:01,765,14,35,1.5,100,139.09,198.3,1
08:02,776,14,36,1.5,100,140.67,198.3,1
08:03,792,14,37,1.5,100,142.28,198.3,1
08:04,796,14,38,1.5,100,143.76,198.3,1
08:05,806,14,38,1.5,100,144.94,198.3,1
08:06,830,14,39,1.5,100,145.93,198.3,1
08:07,849,,39,1.5,100,146.36,198.3,1
08:08,857,14,40,1.5,100,146.8,198.3,1
08:09,862,14,40,1.5,100,147.33,198.3,1
08:10,866,15,41,1.5,100,147.88,198.3,1
08:11,866,15,41,1.5,100,148.44,198.3,1
08:12,867,15,42,1.5,100,148.98,198.3,1
08:13,874,15,42,1.5,100,149.46,198.3,1
08:14,881,15,42,1.5,100,149.93,198.3,1
08:15,888,15,42,1.5,100,150.4,198.3,1
08:16,893,15,43,1.5,100,150.9,198.3,1
08:17,902,15,42,1.5,100,151.36,198.3,1
08:18,911,15,42,1.5,100,151.83,198.3,1
08:19,920,15,40,1.5,100,152.26,198.3,1
08:20,922,,39,1.5,100,152.76,198.3,1
08:21,919,15,39,1.5,100,153.21,198.3,1
08:22,923,15,38,1.5,100,153.66,198.3,1
08:23,927,15,38,1.5,100,154.07,198.3,1
08:24,928,15,37,1.5,100,154.35,198.3,1
08:25,927,15,38,1.5,100,154.6,198.3,1
08:26,929,15,39,1.5,100,154.9,198.3,1
08:27,929,15,41,1.5,100,155.2,198.3,1
08:28,926,,41,1.5,100,155.45,198.3,1
08:29,925,15,42,1.5,100,155.7,198.3,1
08:30,928,,42,1.5,100,155.94,198.3,1
08:31,927,15,42,1.5,100,156.23,198.3,1
08:32,929,15,43,1.5,100,156.52,198.3,1
08:33,933,15,42,1.5,100,156.83,198.3,1
08:34,933,15,43,1.5,100,157.12,198.3,1
08:35,933,,44,1.5,100,157.34,198.3,1
08:36,937,15,44,1.5,100,157.65,198.3,1
08:37,938,,45,1.5,100,157.99,198.3,1
08:38,940,15,45,1.5,100,158.31,198.3,1
08:39,942,15,46,1.5,100,158.62,198.3,1
08:40,944,15,46,1.5,100,158.97,198.3,1
08:41,948,15,46,1.5,100,159.24,198.3,1
08:42,953,15,46,1.5,100,159.54,198.3,1
08:43,957,15,46,1.5,100,159.88,198.3,1
08:44,961,16,47,1.5,100,160.28,198.3,1
08:45,962,16,47,1.5,100,160.63,198.3,1
08:46,965,15,47,1.5,100,160.9,198.3,1
08:47,967,15,47,1.5,100,161.19,198.3,1
08:48,969,15,48,1.5,100,161.47,198.3,1
08:49,974,15,48,1.5,100,161.77,198.3,1
08:50,975,15,48,1.5,100,162.06,198.3,1
08:51,978,16,48,1.5,100,162.32,198.3,1
08:52,977,16,48,1.5,100,162.29,198.3,1
08:53,979,16,49,1.5,100,162.72,198.3,1
08:54,981,16,49,1.5,100,163.08,198.3,1
08:55,983,16,49,1.5,100,163.3,198.3,1
08:56,985,16,49,1.5,100,163.55,198.3,1
08:57,986,16,49,1.5,100,163.8,198.3,1
08:58,988,16,49,1.5,100,164.01,198.3,1
08:59,991,16,49,1.5,100,164.56,207,1
09:00,992,,49,1.5,100,166.49,207,1
09:01,993,16,49,1.5,100,167.01,207,1
09:02,995,17,49,1.5,100,170.23,207,1
09:03,997,17,49,1.5,100,182.79,207,1
09:04,998,18,48,1.5,100,185.22,207,1
09:05,1000,18,49,1.5,100,186.02,207,1
09:06,1000,,49,1.5,100,187.28,207,1
09:07,1003,18,49,1.5,100,188.8,207,1
09:08,1007,18,50,1.5,100,189.78,207,1
09:09,1008,18,50,1.5,100,192.24,207,1
09:10,1010,17,50,1.5,100,195.2,207,1
09:11,1012,17,50,1.5,100,196.18,207,1
09:12,1012,17,50,1.5,100,196.37,207,1
09:13,1015,18,50,1.5,100,199.07,207,1
09:14,1018,18,50,1.5,100,201.68,207,1
09:15,1018,17,50,1.5,100,202.27,207,1
09:16,1018,18,50,1.5,100,202.56,207,1
09:17,1021,18,50,1.5,100,202.7,207,1
09:18,1023,18,49,1.5,100,202.96,207,1
09:19,1025,18,50,1.5,100,203.19,207,1
09:20,1026,17,49,1.5,100,203.34,207,1
09:21,1026,17,50,1.5,100,203.48,207,1
09:22,1026,17,50,1.5,100,203.67,207,1
09:23,1028,18,50,1.5,100,203.84,207,1
09:24,1028,17,51,1.5,100,203.95,207,1
09:25,1029,17,51,1.5,100,204.08,207,1
09:26,1031,17,51,1.5,100,204.3,207,1
09:27,1034,17,50,1.5,100,204.57,207,1
09:28,1035,17,50,1.5,100,204.8,207,1
09:29,1036,17,50,1.5,100,205.02,207,1
09:30,1038,18,50,1.5,100,205.2,207,1
09:31,1042,17,49,1.5,100,205.44,207,1
09:32,1042,18,49,1.5,100,205.6,207,1
09:33,1043,17,48,1.5,100,205.81,207,1
09:34,1044,18,49,1.5,100,205.98,207,1
09:35,1046,18,49,1.5,100,205.98,207,1
09:36,1048,18,49,1.5,100,206.38,207,1
09:37,1048,,49,1.5,100,206.55,207,1
09:38,1048,18,50,1.5,100,206.61,207,1
09:39,1050,18,50,1.5,100,206.44,207,1
09:40,1051,18,50,1.5,100,206.52,207,1
09:41,1050,18,51,1.5,100,206.43,207,1
09:42,1049,19,51,1.5,100,206.55,207,1
09:43,1052,18,51,1.5,100,206.61,207,1
09:44,1054,18,51,1.5,100,206.41,207,1
09:45,1053,18,51,1.5,100,206.38,207,1
09:46,1055,18,51,1.5,100,206.47,207,1
09:47,1055,18,50,1.5,100,206.52,207,1
09:48,1057,19,50,1.5,100,206.64,207,1
09:49,1056,19,50,1.5,100,206.75,207,1
09:50,1054,18,50,1.5,100,206.67,207,1
09:51,1053,18,50,1.5,100,206.54,207,1
09:52,1053,18,50,1.5,100,206.51,207,1
09:53,1053,18,50,1.5,100,206.16,207,1
09:54,1053,,50,1.5,100,206.26,207,1
09:55,1052,18,51,1.5,100,206.28,207,1
09:56,1053,,51,1.5,100,206.31,207,1
09:57,1052,19,51,1.5,100,206.41,207,1
09:58,1052,19,51,1.5,100,206.38,207,1
09:59,1055,19,51,1.5,100,206.02,207,1
10:00,1059,,51,4.2,100,205.4,207,1
10:01,1055,19,51,4.2,100,206.34,207,1
10:02,1057,19,52,4.2,100,206.45,207,1
10:03,1060,19,52,4.2,100,206.65,207,1
10:04,1062,19,51,4.2,100,206.84,207,1
10:05,1062,18,52,4.2,100,206.84,207,1
10:06,1063,19,52,4.2,100,206.67,207,1
10:07,1063,19,52,4.2,100,206.6,207,1
10:08,1065,19,51,4.2,100,206.68,207,1
10:09,1062,19,51,4.2,100,206.81,207,1
10:10,1063,18,50,4.2,100,206.91,207,1
10:11,1064,19,49,4.2,100,206.8,207,1
10:12,1062,19,50,4.2,100,206.77,207,1
10:13,1062,18,50,4.2,100,206.9,207,1
10:14,1061,18,50,4.2,100,206.88,207,1
10:15,1062,19,50,4.2,100,206.82,207,1
10:16,1062,19,50,4.2,100,206.74,207,1
10:17,1063,19,50,4.2,100,206.74,207,1
10:18,1061,19,51,4.2,100,206.8,207,1
10:19,1060,19,51,4.2,100,206.83,207,1
10:20,1058,19,51,4.2,100,206.81,207,1
10:21,1059,19,52,4.2,100,206.65,207,1
10:22,1057,,51,4.2,100,206.41,207,1
10:23,1061,19,51,4.2,100,206.43,207,1
10:24,1066,19,50,4.2,100,206.48,207,1
10:25,1067,19,50,4.2,100,206.31,207,1
10:26,1066,19,50,4.2,100,206.48,207,1
10:27,1064,20,51,4.2,100,206.36,207,1
10:28,1063,20,51,4.2,100,206.43,207,1
10:29,1063,20,52,4.2,100,206.3,207,1
10:30,1066,19,52,4.2,100,206.35,207,1
10:31,1066,20,53,4.2,100,206.46,207,1
10:32,1066,20,53,4.2,100,206.32,207,1
10:33,1067,20,54,4.2,100,206.25,207,1
10:34,1070,20,54,4.2,100,206.25,207,1
10:35,1070,20,53,4.2,100,206.52,207,1
10:36,1072,20,52,4.2,100,206.53,207,1
10:37,1068,20,51,4.2,100,206.6,207,1
10:38,1065,20,52,4.2,100,206.69,207,1
10:39,1066,20,52,4.2,100,206.71,207,1
10:40,1068,20,53,4.2,100,206.75,207,1
10:41,1068,20,54,4.2,100,206.83,207,1
10:42,1065,20,53,4.2,100,206.85,207,1
10:43,1062,20,51,4.2,100,206.75,207,1
10:44,1070,20,50,4.2,100,206.61,207,1
10:45,1075,20,50,4.2,100,206.62,207,1
10:46,1072,20,50,4.2,100,206.64,207,1
10:47,1076,20,49,4.2,100,206.47,207,1
10:48,1073,20,50,4.2,100,206.29,207,1
10:49,1071,20,50,4.2,100,206.46,207,1
10:50,1070,20,50,4.2,100,206.5,207,1
10:51,1067,20,51,4.2,100,206.23,207,1
10:52,1070,21,51,4.2,100,206.48,207,1
10:53,1069,21,51,4.2,100,206.54,207,1
10:54,1068,21,51,4.2,100,206.53,207,1
10:55,1069,21,52,4.2,100,206.3,207,1
10:56,1070,21,52,4.2,100,206.41,207,1
10:57,1066,21,53,4.2,100,206.5,207,1
10:58,1066,20,54,4.2,100,206.51,207,1
10:59,1064,20,55,4.2,100,206.58,207,1
11:00,1069,20,55,4.7,100,206.64,207,1
11:01,1073,20,55,4.7,100,207.85,207,1
11:02,1075,20,55,4.7,100,206.93,207,1
11:03,1079,20,54,4.7,100,206.9,207,1
11:04,1082,20,52,4.7,100,206.77,207,1
11:05,1081,20,52,4.7,100,206.78,207,1
11:06,1084,,51,4.7,100,206.78,207,1
11:07,1084,21,50,4.7,100,206.7,207,1
11:08,1084,22,50,4.7,100,206.56,207,1
11:09,1081,22,50,4.7,100,206.62,207,1
11:10,1081,22,49,4.7,100,206.61,207,1
11:11,1080,22,48,4.7,100,206.55,207,1
11:12,1083,22,47,4.7,100,206.4,207,1
11:13,1081,22,46,4.7,100,206.48,207,1
11:14,1081,22,45,4.7,100,206.47,207,1
11:15,1082,22,45,4.7,100,206.64,207,1
11:16,1084,22,45,4.7,100,206.62,207,1
11:17,1085,22,44,4.7,100,206.66,207,1
11:18,1084,21,44,4.7,100,206.6,207,1
11:19,1084,21,43,4.7,100,206.34,207,1
11:20,1082,22,42,4.7,100,206.33,207,1
11:21,1081,22,42,4.7,100,206.43,207,1
11:22,1079,22,42,4.7,100,206.86,207,1
11:23,1075,22,43,4.7,100,206.97,207,1
11:24,1076,22,43,4.7,100,206.69,207,1
11:25,1074,22,42,4.7,100,206.08,207,1
11:26,1083,22,43,4.7,100,206.3,207,1
11:27,1083,22,43,4.7,100,206.39,207,1
11:28,1084,22,43,4.7,100,206.52,207,1
11:29,1087,,43,4.7,100,206.67,207,1
11:30,1081,22,44,4.7,100,206.69,207,1
11:31,1081,22,44,4.7,100,206.77,207,1
11:32,1080,22,44,4.7,100,206.68,207,1
11:33,1083,22,44,4.7,100,206.47,207,1
11:34,1079,22,45,4.7,100,206.56,207,1
11:35,1076,22,46,4.7,100,206.69,207,1
11:36,1073,22,46,4.7,100,206.76,207,1
11:37,1073,22,46,4.7,100,206.71,207,1
11:38,1079,23,47,4.7,100,206.72,207,1
11:39,1078,23,47,4.7,100,206.69,207,1
11:40,1077,23,49,4.7,100,206.74,207,1
11:41,1063,23,50,4.7,100,206.58,207,1
11:42,1071,23,50,4.7,100,206.04,207,1
11:43,1085,22,48,4.7,100,206.71,207,1
11:44,1082,22,47,4.7,100,206.66,207,1
11:45,1081,23,47,4.7,100,206.15,207,1
11:46,1076,23,47,4.7,100,206.38,207,1
11:47,1064,23,47,4.7,100,206.74,207,1
11:48,1038,23,48,4.7,100,206.74,207,1
11:49,995,23,48,4.7,100,206.85,207,1
11:50,1078,,48,4.7,100,206.55,207,1
11:51,1075,22,49,4.7,100,206.02,207,1
11:52,1074,21,50,4.7,100,206.28,207,1
11:53,1072,,51,4.7,100,206.25,207,1
11:54,1079,22,51,4.7,100,206.05,207,1
11:55,1079,21,52,4.7,100,205.97,207,1
11:56,1078,21,53,4.7,100,206.28,207,1
11:57,1081,22,53,4.7,100,206.29,207,1
11:58,1085,22,53,4.7,100,205.87,207,1
11:59,1085,22,54,4.7,100,204.41,207,1
12:00,1083,23,53,5.5,100,202.43,207,1
12:01,1082,23,53,5.5,100,201.65,207,1
12:02,1084,23,52,5.5,100,201,207,1
12:03,1087,23,50,5.5,100,202.05,207,1
12:04,,23,,5.5,100,206.68,207,1
12:05,1080,24,52,5.5,100,207.04,207,1
12:06,,23,,5.5,100,206.65,207,1
12:07,1082,23,53,5.5,100,205.99,207,1
12:08,1080,23,54,5.5,100,206.23,207,1
12:09,1080,24,54,5.5,100,206.79,207,1
12:10,1087,24,55,5.5,100,206.46,207,1
12:11,,24,,5.5,100,204.78,207,1
12:12,1099,24,57,5.5,100,203.49,207,1
12:13,,24,,5.5,100,199.23,207,1
12:14,1102,24,57,5.5,100,199.28,207,1
12:15,1106,24,56,5.5,100,199.85,207,1
12:16,1102,23,56,5.5,100,198.82,207,1
12:17,1117,23,56,5.5,100,199.19,207,1
12:18,,23,,5.5,100,201.25,207,1
12:19,1132,23,56,5.5,100,203.01,207,1
12:20,,23,,5.5,100,206.19,207,1
12:21,1142,23,55,5.5,100,203.9,207,1
12:22,1146,23,53,5.5,100,196.31,207,1
12:23,1158,22,52,5.5,100,194.6,207,1
12:24,1138,22,51,5.5,100,195.79,207,1
12:25,,22,,5.5,100,196.35,207,1
12:26,1170,22,53,5.5,100,199.26,207,1
12:27,,22,,5.5,100,203.84,207,1
12:28,1100,23,54,5.5,100,206.9,207,1
12:29,1114,23,55,5.5,100,206.99,207,1
12:30,1104,23,55,5.5,100,206.66,207,1
12:31,1088,23,55,5.5,100,206.71,207,1
12:32,,24,,5.5,100,207.31,207,1
12:33,1094,,56,5.5,100,206.14,207,1
12:34,,24,,5.5,100,205.83,207,1
12:35,1076,24,56,5.5,100,206.62,207,1
12:36,1093,24,57,5.5,100,206.67,207,1
12:37,999,24,56,5.5,100,206.54,207,1
12:38,1093,24,57,5.5,100,206.24,207,1
12:39,,24,,5.5,100,206.41,207,1
12:40,1085,24,57,5.5,100,206.63,207,1
12:41,,24,,5.5,100,206.51,207,1
12:42,1069,24,58,5.5,100,206.98,207,1
12:43,1085,23,58,5.5,100,206.53,207,1
12:44,1110,23,58,5.5,100,206.12,207,1
12:45,1121,24,58,5.5,100,205.92,207,1
12:46,,24,,5.5,100,206.67,207,1
12:47,1117,25,56,5.5,100,206.81,207,1
12:48,,25,,5.5,100,206.44,207,1
12:49,1109,25,56,5.5,100,206.45,207,1
12:50,1108,24,56,5.5,100,206.46,207,1
12:51,,24,,5.5,100,206.48,207,1
12:52,1111,25,54,5.5,100,206.5,207,1
12:53,,25,,5.5,100,206.43,207,1
12:54,1113,25,53,5.5,100,206.39,207,1
12:55,,25,,5.5,100,206.82,207,1
12:56,1113,25,51,5.5,100,206.42,207,1
12:57,1110,25,51,5.5,100,206.42,207,1
12:58,,25,,5.5,100,206.4,207,1
12:59,1109,25,54,5.5,100,206.43,206.42,1
13:00,,25,,5.5,100,206.48,206.42,1
13:01,1106,24,55,5.8,100,205.86,206.42,1
13:02,,24,,5.8,100,205.77,206.42,1
13:03,1111,,56,5.8,100,205.76,206.42,1
13:04,1113,24,56,5.8,100,205.72,206.42,1
13:05,1125,25,55,5.8,100,205.67,206.42,1
13:06,1164,24,52,5.8,100,204.6,206.42,1
13:07,,24,,5.8,100,199.47,206.42,1
13:08,1179,24,52,5.8,100,188.39,206.42,1
13:09,1200,24,53,5.8,100,177.51,206.42,1
13:10,1221,24,54,5.8,100,168.76,206.42,1
13:11,1257,24,56,5.8,100,161.08,206.42,1
13:12,,24,,5.8,100,155.81,206.42,1
13:13,1128,24,59,5.8,100,153.36,206.42,1
13:14,,24,,5.8,100,150.39,206.42,1
13:15,687,24,57,5.8,100,152.61,206.42,1
13:16,302,24,54,5.8,100,158.29,206.42,1
13:17,309,24,50,5.8,100,165.37,206.42,1
13:18,356,24,46,5.8,100,163.48,206.42,1
13:19,849,24,44,5.8,100,152.4,206.42,1
13:20,453,24,43,5.8,100,148.23,206.42,1
13:21,,24,,5.8,100,154.3,206.42,1
13:22,1032,24,42,5.8,100,155.7,206.42,1
13:23,1186,24,42,5.8,100,160.85,206.42,1
13:24,826,24,43,5.8,100,166.86,206.42,1
13:25,1204,25,41,5.8,100,173.3,206.42,1
13:26,,,,5.8,100,176.37,206.42,1
13:27,1239,25,45,5.8,100,177.54,206.42,1
13:28,,25,,5.8,100,177.62,206.42,1
13:29,1242,,46,5.8,100,179.43,206.42,1
13:30,1217,25,47,5.8,100,177.81,206.42,1
13:31,1191,,48,5.8,100,172.95,206.42,1
13:32,1186,25,49,5.8,100,164.54,206.42,1
13:33,1188,25,50,5.8,100,157.03,206.42,1
13:34,1185,25,51,5.8,100,151.12,206.42,1
13:35,1182,25,53,5.8,100,148.6,206.42,1
13:36,1180,25,54,5.8,100,152.98,206.42,1
13:37,1183,25,55,5.8,100,154.82,206.42,1
13:38,,25,,5.8,100,149.1,206.42,1
13:39,1189,25,54,5.8,100,143.27,206.42,1
13:40,,24,,5.8,100,135.72,206.42,1
13:41,1197,24,54,5.8,100,131.3,206.42,1
13:42,1202,24,55,5.8,100,135.02,206.42,1
13:43,1209,24,56,5.8,100,141.05,206.42,1
13:44,1204,23,58,5.8,100,143.55,206.42,1
13:45,1199,23,58,5.8,100,146.68,206.42,1
13:46,1203,23,57,5.8,100,153.88,206.42,1
13:47,1205,24,55,5.8,100,169.04,206.42,1
13:48,1202,24,55,5.8,100,179.86,206.42,1
13:49,1200,23,56,5.8,100,182.93,206.42,1
13:50,1203,23,57,5.8,100,181.99,206.42,1
13:51,1204,23,56,5.8,100,179.31,206.42,1
13:52,1209,23,55,5.8,100,177.66,206.42,1
13:53,1239,23,54,5.8,100,169.95,206.42,1
13:54,,23,,5.8,100,161.74,206.42,1
13:55,1259,,54,5.8,100,156.77,206.42,1
13:56,1278,23,53,5.8,100,151.37,206.42,1
13:57,1247,23,54,5.8,100,145.73,206.42,1
13:58,1032,,54,5.8,100,142.83,206.42,1
13:59,1230,23,52,5.8,100,145.94,198.88,1
14:00,1280,23,52,5.8,100,152.98,198.88,1
14:01,1275,,52,5.8,100,158.42,198.88,1
14:02,1258,24,52,5.8,100,160.46,198.88,1
14:03,1229,24,52,5.8,100,168.84,198.88,1
14:04,1247,,51,5.8,100,181.81,198.88,1
14:05,1258,24,53,5.8,100,187.06,198.88,1
14:06,,24,,5.8,100,187.8,198.88,1
14:07,1218,24,54,5.8,100,183.63,198.88,1
14:08,,24,,5.8,100,173.6,198.88,1
14:09,1210,24,54,5.8,100,166.72,198.88,1
14:10,1063,24,54,5.8,100,159.27,198.88,1
14:11,1174,24,53,5.8,100,151.75,198.88,1
14:12,1210,24,54,5.8,100,145.49,198.88,1
14:13,1162,24,55,5.8,100,140.36,198.88,1
14:14,789,24,55,5.8,100,139.39,198.88,1
14:15,1179,24,54,5.8,100,136.38,198.88,1
14:16,1220,24,53,5.8,100,138.12,198.88,1
14:17,1218,24,53,5.8,100,143.69,198.88,1
14:18,1202,25,53,5.8,100,150.44,198.88,1
14:19,1186,25,53,5.8,100,152.36,198.88,1
14:20,1180,25,54,5.8,100,150.31,198.88,1
14:21,1181,25,55,5.8,100,147.29,198.88,1
14:22,1179,25,56,5.8,100,141.68,198.88,1
14:23,1179,25,57,5.8,100,140.08,198.88,1
14:24,1181,25,58,5.8,100,143.29,198.88,1
14:25,1181,25,58,5.8,100,153.37,198.88,1
14:26,1178,25,59,5.8,100,161.32,198.88,1
14:27,1183,24,60,5.8,100,165.73,198.88,1
14:28,1190,24,60,5.8,100,167.52,198.88,1
14:29,1196,24,59,5.8,100,166.43,198.88,1
14:30,1199,24,59,5.8,100,164.73,198.88,1
14:31,1215,,57,5.8,100,167.9,198.88,1
14:32,,24,,5.8,100,164.99,198.88,1
14:33,1225,24,56,5.8,100,158,198.88,1
14:34,1236,24,55,5.8,100,157.11,198.88,1
14:35,1239,24,56,5.8,100,163.4,198.88,1
14:36,1246,,55,5.8,100,167.42,198.88,1
14:37,937,25,54,5.8,100,167.97,198.88,1
14:38,440,25,51,5.8,100,170.2,198.88,1
14:39,303,25,49,5.8,100,176.16,198.88,1
14:40,490,25,46,5.8,100,177.64,198.88,1
14:41,1240,25,45,5.8,100,172.86,198.88,1
14:42,1263,25,46,5.8,100,172.2,198.88,1
14:43,1265,25,47,5.8,100,172.25,198.88,1
14:44,1269,26,48,5.8,100,171.93,198.88,1
14:45,1245,26,48,5.8,100,169.72,198.88,1
14:46,1233,26,49,5.8,100,165.61,198.88,1
14:47,1000,26,51,5.8,100,168.41,198.88,1
14:48,,26,,5.8,100,169.67,198.88,1
14:49,1233,25,52,5.8,100,180.36,198.88,1
14:50,1231,25,52,5.8,100,193.23,198.88,1
14:51,1221,26,53,5.8,100,198.15,198.88,1
14:52,1200,25,54,5.8,100,198.9,198.88,1
14:53,1184,26,56,5.8,100,198.05,198.88,1
14:54,1181,25,57,5.8,100,197.6,198.88,1
14:55,1190,25,56,5.8,100,198.64,198.88,1
14:56,1192,25,56,5.8,100,197.27,198.88,1
14:57,1181,25,55,5.8,100,195.05,198.88,1
14:58,1155,25,53,5.8,100,190.6,198.88,1
14:59,1133,25,53,5.8,100,184.43,175.75,1
15:00,1131,26,52,5.8,100,177.24,175.75,1
15:01,1139,26,51,5.8,100,167.92,175.75,1
15:02,1139,,51,5.8,100,155,175.75,1
15:03,1139,26,53,5.8,100,151.98,175.75,1
15:04,1143,26,53,5.8,100,145.83,175.75,1
15:05,1143,25,53,5.8,100,137.04,175.75,1
15:06,1147,25,53,5.8,100,134.23,175.75,1
15:07,1149,25,53,5.8,100,132.21,175.75,1
15:08,1152,25,54,5.8,100,131.91,175.75,1
15:09,1155,25,54,5.8,100,130.38,175.75,1
15:10,1156,25,54,5.8,100,127.33,175.75,1
15:11,1159,24,55,5.8,100,127.23,175.75,1
15:12,1171,24,55,5.8,100,127.31,175.75,1
15:13,1181,24,55,5.8,100,128.55,175.75,1
15:14,1191,24,55,5.8,100,120.26,175.75,1
15:15,1197,24,56,5.8,100,114.55,175.75,1
15:16,1205,24,57,5.8,100,111.55,175.75,1
15:17,1209,24,57,5.8,100,106.39,175.75,1
15:18,1225,24,57,5.8,100,98.16,175.75,1
15:19,1246,24,57,5.8,100,89.12,175.75,1
15:20,1252,25,57,5.8,100,86.04,175.75,1
15:21,1259,25,58,5.8,100,88.96,175.75,1
15:22,1266,25,58,5.8,100,93.51,175.75,1
15:23,1135,25,59,5.8,100,99.3,175.75,1
15:24,1040,25,57,5.8,100,100.79,175.75,1
15:25,642,24,55,5.8,100,103.06,175.75,1
15:26,290,25,51,5.8,100,105.62,175.75,1
15:27,266,25,48,5.8,100,105.47,175.75,1
15:28,255,25,45,5.8,100,103.92,175.75,1
15:29,254,24,43,5.8,100,108.1,175.75,1
15:30,252,24,41,5.8,100,112.66,175.75,1
15:31,248,24,40,5.8,100,115.6,175.75,1
15:32,245,24,39,5.8,100,117.31,175.75,1
15:33,242,24,39,5.8,100,111.09,175.75,1
15:34,244,25,38,5.8,100,102.03,175.75,1
15:35,252,25,38,5.8,100,97.77,175.75,1
15:36,264,25,37,5.8,100,108.65,175.75,1
15:37,291,25,37,5.8,100,131.7,175.75,1
15:38,814,,37,5.8,100,142.57,175.75,1
15:39,1209,25,39,5.8,100,143.47,175.75,1
15:40,1250,,42,5.8,100,144.44,175.75,1
15:41,1248,25,45,5.8,100,150.58,175.75,1
15:42,846,25,47,5.8,100,152.35,175.75,1
15:43,1148,,47,4.7,100,143.05,175.75,1
15:44,960,25,48,4.7,100,132.49,175.75,1
15:45,599,,49,4.7,100,121.48,175.75,1
15:46,368,25,47,4.7,100,117.96,175.75,1
15:47,411,25,45,4.7,100,116.62,175.75,1
15:48,739,25,44,4.7,100,112.48,175.75,1
15:49,401,,43,4.7,100,116.8,175.75,1
15:50,505,25,41,4.7,100,117.71,175.75,1
15:51,626,25,41,4.7,100,127.23,175.75,1
15:52,579,25,41,4.7,100,139.36,175.75,1
15:53,664,26,41,4.7,100,145.36,175.75,1
15:54,851,25,42,4.7,100,140.99,175.75,1
15:55,568,25,43,4.7,100,139.62,175.75,1
15:56,308,25,43,4.7,100,134.82,175.75,1
15:57,309,25,43,4.7,100,130.4,175.75,1
15:58,300,25,42,4.7,100,126.08,175.75,1
15:59,291,25,41,4.7,100,121.72,175.75,1
16:00,819,25,41,4.7,100,111.1,173.79,1
16:01,1176,25,42,4.7,100,104.76,173.79,1
16:02,1202,24,44,4.7,100,106.3,173.79,1
16:03,1222,24,46,4.7,100,110.96,173.79,1
16:04,1211,25,48,4.7,100,114.15,173.79,1
16:05,1204,25,50,4.7,100,120.92,173.79,1
16:06,1199,25,51,4.7,100,122.39,173.79,1
16:07,1201,25,52,4.7,100,124.33,173.79,1
16:08,1190,25,53,4.7,100,124.95,173.79,1
16:09,1174,25,53,4.7,100,132.46,173.79,1
16:10,644,25,53,4.7,100,141.77,173.79,1
16:11,685,25,52,4.7,100,146.62,173.79,1
16:12,849,25,51,4.7,100,149.49,173.79,1
16:13,1133,25,50,4.7,100,153.92,173.79,1
16:14,1168,25,50,4.7,100,155.18,173.79,1
16:15,1169,,50,4.7,100,152.17,173.79,1
16:16,1153,25,50,4.7,100,150.73,173.79,1
16:17,1133,25,50,4.7,100,143.3,173.79,1
16:18,1122,25,50,4.7,100,128.75,173.79,1
16:19,1115,25,50,4.7,100,120.1,173.79,1
16:20,1097,,50,4.7,100,111.2,173.79,1
16:21,1103,25,50,4.7,100,102.03,173.79,1
16:22,1116,25,50,4.7,100,99.24,173.79,1
16:23,1042,25,50,4.7,100,97.3,173.79,1
16:24,400,24,50,4.7,100,93.53,173.79,1
16:25,310,24,49,4.7,100,89.63,173.79,1
16:26,288,24,48,4.7,100,90.56,173.79,1
16:27,281,24,46,4.7,100,98.61,173.79,1
16:28,271,24,44,4.7,100,109.24,173.79,1
16:29,261,24,42,4.7,100,122.74,173.79,1
16:30,255,24,40,4.7,100,137.4,173.79,1
16:31,252,24,39,4.7,100,147.71,173.79,1
16:32,244,24,38,4.7,100,156.15,173.79,1
16:33,237,24,37,4.2,100,163.41,173.79,1
16:34,226,24,36,4.2,100,170.16,173.79,1
16:35,222,24,35,4.2,100,173.52,173.79,1
16:36,226,24,34,4.2,100,172.32,173.79,1
16:37,230,24,34,4.2,100,171.45,173.79,1
16:38,234,24,33,4.2,100,162.88,173.79,1
16:39,243,24,33,4.2,100,148.64,173.79,1
16:40,255,24,32,4.2,100,141.16,173.79,1
16:41,263,24,32,4.2,100,137.91,173.79,1
16:42,303,24,32,4.2,100,130.11,173.79,1
16:43,661,24,32,4.2,100,132.43,173.79,1
16:44,1062,24,33,4.2,100,131.22,173.79,1
16:45,630,25,35,4.2,100,122.08,173.79,1
16:46,201,25,35,4.2,100,116.66,173.79,1
16:47,187,25,34,4.2,100,122.74,173.79,1
16:48,184,24,33,4.2,100,120.87,173.79,1
16:49,336,24,33,4.2,100,133.3,173.79,1
16:50,532,24,33,4.2,100,140.54,173.79,1
16:51,704,24,33,4.2,100,134.76,173.79,1
16:52,930,24,34,4.2,100,123.66,173.79,1
16:53,701,24,36,4.2,100,132.77,173.79,1
16:54,869,,36,4.2,100,134.01,173.79,1
16:55,941,24,38,4.2,100,126.74,173.79,1
16:56,960,24,39,4.2,100,134.41,173.79,1
16:57,952,24,40,4.2,100,128.37,173.79,1
16:58,957,,41,4.2,100,118.02,173.79,1
16:59,954,24,42,4.2,100,115.3,140.02,1
17:00,954,24,42,4.2,100,123.27,140.02,1
17:01,947,24,43,4.2,100,128.46,140.02,1
17:02,920,24,44,4.2,100,135.95,140.02,1
17:03,960,24,44,4.2,100,144.29,140.02,1
17:04,948,24,45,4.2,100,139.98,140.02,1
17:05,722,24,45,4.2,100,139.77,140.02,1
17:06,539,24,44,4.2,100,138.69,140.02,1
17:07,853,24,44,4.2,100,138.7,140.02,1
17:08,530,24,43,4.2,100,140.01,140.02,1
17:09,,24,,3.8,100,138.29,140.02,1
17:10,424,24,41,3.8,100,134.72,140.02,1
17:11,238,24,39,3.8,100,125,140.02,1
17:12,238,24,38,3.8,100,113.24,140.02,1
17:13,276,24,37,3.8,100,111.2,140.02,1
17:14,318,24,36,3.8,100,119.44,140.02,1
17:15,832,24,36,3.8,100,117.94,140.02,1
17:16,890,24,37,3.8,100,134.09,140.02,1
17:17,888,24,38,3.8,100,140.49,140.02,1
17:18,520,24,39,3.8,100,140.54,140.02,1
17:19,790,24,39,3.8,100,139.18,140.02,1
17:20,870,24,39,3.8,100,139.7,140.02,1
17:21,847,24,39,3.8,100,139.68,140.02,1
17:22,861,24,39,3.8,100,139.25,140.02,1
17:23,851,24,40,3.8,100,139.44,140.02,1
17:24,844,24,39,3.8,100,139.25,140.02,1
17:25,843,24,39,3.8,100,138.63,140.02,1
17:26,817,23,39,3.8,100,138.99,140.02,1
17:27,622,23,39,3.8,100,139.65,140.02,1
17:28,724,23,39,3.8,100,139.6,140.02,1
17:29,793,23,38,3.8,100,139.6,140.02,1
17:30,780,23,38,3.8,100,139.72,140.02,1
17:31,713,23,38,3.8,100,139.93,140.02,1
17:32,731,23,37,3.8,100,140.14,140.02,1
17:33,718,,37,3.8,100,139.48,140.02,1
17:34,726,23,37,3.8,100,139.2,140.02,1
17:35,708,23,37,3.8,100,139.11,140.02,1
17:36,701,23,37,3.8,100,138.13,140.02,1
17:37,688,23,37,3.8,100,137.66,140.02,1
17:38,671,23,36,3.8,100,139.14,140.02,1
17:39,662,23,36,3.8,100,139.86,140.02,1
17:40,654,23,36,3.8,100,138.46,140.02,1
17:41,642,,35,3.8,100,136.76,140.02,1
17:42,630,23,35,3.8,100,134.95,140.02,1
17:43,615,23,35,3.8,100,132.98,140.02,1
17:44,600,23,35,3.8,100,131.03,140.02,1
17:45,587,23,35,3.8,100,129.15,140.02,1
17:46,580,23,34,3.8,100,127.38,140.02,1
17:47,574,23,34,3.8,100,125.7,140.02,1
17:48,572,23,34,3.8,100,123.96,140.02,1
17:49,564,23,34,3.8,100,122.02,140.02,1
17:50,556,23,33,3.8,100,119.9,140.02,1
17:51,548,23,33,3.8,100,117.8,140.02,1
17:52,536,23,33,3.8,100,115.59,140.02,1
17:53,528,23,33,3.8,100,113.22,140.02,1
17:54,521,23,32,3.8,100,110.61,140.02,1
17:55,507,23,32,3.8,100,107.88,140.02,1
17:56,494,23,32,3.8,100,105.27,140.02,1
17:57,485,23,32,3.8,100,102.84,140.02,1
17:58,475,23,32,3.8,100,100.58,140.02,1
17:59,463,23,32,3.8,100,98.24,48.05,1
18:00,450,23,31,3.8,100,95.89,48.05,1
18:01,435,,31,3.8,100,92.89,48.05,1
18:02,424,22,31,3.8,100,72.14,48.05,1
18:03,415,22,31,3.8,100,48.42,48.05,1
18:04,405,22,30,3.8,100,47.69,48.05,1
18:05,392,22,30,2.4,100,47.64,48.05,1
18:06,376,,30,2.4,100,47.43,48.05,1
18:07,363,22,30,2.4,100,47.42,48.05,1
18:08,352,,30,2.4,100,47.39,48.05,1
18:09,342,22,30,2.4,100,47.36,48.05,1
18:10,332,22,30,2.4,100,47.31,48.05,1
18:11,324,22,30,2.4,100,47.33,48.05,1
18:12,317,,30,2.4,100,47.3,48.05,1
18:13,306,22,29,2.4,100,47.32,48.05,1
18:14,293,22,29,2.4,100,47.32,48.05,1
18:15,284,22,29,2.4,100,47.31,48.05,1
18:16,273,22,29,2.4,100,47.29,48.05,1
18:17,264,22,29,2.4,100,47.28,48.05,1
18:18,255,22,28,2.4,100,47.26,48.05,1
18:19,234,22,28,2.4,100,47.22,48.05,1
18:20,,22,,2.4,100,47.11,48.05,1
18:21,211,22,27,2.4,100,45.67,48.05,1
18:22,,,,2.4,100,43.26,48.05,1
18:23,193,22,26,2.4,100,40.83,48.05,1
18:24,184,22,26,2.4,100,38.48,48.05,1
18:25,175,22,26,2.4,100,36.18,48.05,1
18:26,166,21,25,2.4,100,33.91,48.05,1
18:27,159,21,25,2.4,100,31.77,48.05,1
18:28,145,21,25,2.4,100,29.58,48.05,1
18:29,,21,,2.4,100,27.3,48.05,1
18:30,126,21,24,2.4,100,25.09,48.05,1
18:31,,21,,2.4,100,23.08,48.05,1
18:32,111,21,24,2.4,100,21.1,48.05,1
18:33,103,21,23,2.4,100,19.09,48.05,1
18:34,96,21,23,2.4,100,17.13,48.05,1
18:35,89,21,23,2.4,100,15.29,48.05,1
18:36,,21,,2.4,100,13.65,48.05,1
18:37,75,21,22,2.4,100,12.17,48.05,1
18:38,,21,,2.4,100,10.63,48.05,1
18:39,58,21,22,2.4,100,8.29,48.05,1
18:40,34,21,22,2.4,100,5.41,48.05,1
18:41,29,21,21,2.4,100,3.54,48.05,1
18:42,25,21,21,2.4,100,2.54,48.05,1
18:43,,,,2.4,100,2.13,48.05,1
18:44,26,20,21,2.4,100,2.11,48.05,1
18:45,,20,,2.4,100,1.76,48.05,1
18:46,18,20,20,2.4,100,1.33,48.05,1
18:47,17,,20,2.4,100,1.06,48.05,1
18:48,16,20,20,2.4,100,0.81,48.05,1
18:49,14,20,20,2.4,100,0.57,48.05,1
18:50,,,,2.4,100,0.33,48.05,1
18:51,12,20,19,2.4,100,0.09,48.05,1
18:52,,20,,2.4,100,-0.12,48.05,0
18:53,11,20,19,2.4,100,-0.34,48.05,0
18:54,10,20,19,2.4,100,-0.55,48.05,0
18:55,9,20,19,2.4,100,-0.69,48.05,0
18:56,8,20,19,2.4,100,-0.86,48.05,0
18:57,,20,,2.4,100,-1.05,48.05,0
18:58,6,20,18,2.4,100,-1.2,48.05,0
18:59,,20,,2.4,100,-1.32,48.05,0
19:00,5,20,18,2.4,100,-1.36,48.05,0
